{
  "version": 1,
  "author": "Anonymous maker",
  "editor": "wokwi",
  "parts": [
    { "type": "board-esp32-devkit-c-v4", "id": "esp", "top": -28.8, "left": 52.84, "attrs": {} },
    {
      "type": "wokwi-pushbutton",
      "id": "btn1",
      "top": 131,
      "left": 220.8,
      "attrs": { "color": "green", "xray": "1", "bounce": "1" }
    },
    { "type": "wokwi-gnd", "id": "gnd1", "top": 192, "left": 201, "attrs": {} },
    {
      "type": "wokwi-led",
      "id": "led1",
      "top": -3.6,
      "left": 263,
      "rotate": 90,
      "attrs": { "color": "blue" }
    },
    {
      "type": "wokwi-resistor",
      "id": "r1",
      "top": 32.75,
      "left": 182.4,
      "attrs": { "value": "220" }
    },
    { "type": "wokwi-gnd", "id": "gnd2", "top": -28.8, "left": 201, "attrs": {} }
  ],
  "connections": [
    [ "esp:TX", "$serialMonitor:RX", "", [] ],
    [ "esp:RX", "$serialMonitor:TX", "", [] ],
    [ "esp:2", "btn1:1.l", "green", [ "h38.4", "v9.6", "h9.6" ] ],
    [ "btn1:2.l", "gnd1:GND", "green", [ "h0" ] ],
    [ "esp:5", "r1:1", "green", [ "h19.2", "v-48" ] ],
    [ "r1:2", "led1:A", "green", [ "v0" ] ],
    [ "gnd2:GND", "led1:C", "black", [ "v9.6", "h38.4", "v38.4" ] ]
  ],
  "dependencies": {}
}